Player,Position,Seasons_plyd,Still_in_league,Tms_played_for,Age_first_yr,Draft_pick,Hght_noshoes,Hght_wtshoes,Wingspan,Standing_reach,Vert_max,Vert_maxreach,Vert_nostep,Vert_nostep_reach,Weight,Body_fat,Hand_length,Hand_width,G,GS,MP,PER,FG,FGA,FG_pct,three_pt,three_pt_att,three_pt_pct,two_pt,two_pt_att,two_pt_pct,FT,FTA,FT_pct,ORB,DRB,TRB,AST,STL,BLK,TOV,PTS
Aaron Gordon,PF,3,1,1,19,4,79.5,80.75,83.75,105,39,144,32.5,137.5,220,5.1,8.75,10.5,205,117,4958,14.27,760,1652,0.458,132,457,0.285,628,1195,0.52,329,471,0.703,316,765,1081,311,144,117,193,1981
Adonis Thomas,SF,1,0,3,20,0,76.75,77.75,85,99,40.5,139.5,34.5,133.5,232,7.5,9.25,9.5,12,2,74,7.73,12,28,0.454,2,10,0.233,10,18,0.574,2,2,0.667,0,6,6,6,0,0,2,28
Alec Burks,SG,6,1,1,20,12,77,78,82,103.5,36,139.5,29,132.5,193,5.1,9,8.25,301,42,6618,13.37,1053,2458,0.42,181,503,0.36,872,1955,0.435,747,993,0.755,205,672,877,534,184,46,412,3034
Alex Kirk,C,1,0,1,23,0,81.25,82.75,87.5,109.5,31.5,141,28.5,138,252,13.6,9.25,10.5,5,0,14,8.5,1,4,0.25,0,0,0,1,4,0.25,2,2,1,1,0,1,1,0,0,0,4
Al-Farouq Aminu,SF,7,1,5,20,8,79.25,80.5,87.25,108.5,33.5,142,27,135.5,216,8.2,9.5,9.5,520,281,12520,12.21,1398,3281,0.425,305,942,0.291,1093,2339,0.464,665,917,0.726,727,2221,2948,639,494,307,667,3766
Allen Crabbe,SG,4,1,1,21,31,77.25,78.25,83.25,103.5,36,139.5,30.5,134,197,4.7,8.25,8.5,226,24,5142,10.05,689,1511,0.426,282,686,0.405,407,825,0.449,218,257,0.804,54,469,523,237,138,52,144,1878
Andre Drummond,C,5,1,1,19,9,81.75,83.75,90.25,109.5,33.5,143,31.5,141,279,7.5,9.5,9.5,385,335,11439,21.54,2216,4043,0.559,5,19,0.224,2211,4024,0.561,683,1793,0.384,1786,3160,4946,276,476,580,594,5120
Andre Roberson,SG,4,1,1,22,26,78.25,79,83,104.5,36.5,141,30,134.5,206,7.1,8.75,9.5,256,230,5614,9.48,476,1006,0.476,100,385,0.239,376,621,0.598,110,223,0.553,273,729,1002,211,219,160,151,1162
Andrew Goudelock,SG,3,0,2,23,46,73.25,74.75,76.25,96.5,37,133.5,32.5,129,198,9.9,8.25,9.25,49,0,475,4.8,77,196,0.28,29,84,0.161,48,112,0.377,14,16,0.556,7,27,34,24,10,2,28,197
Andrew Nicholson,PF,5,1,4,23,19,80.5,81.5,88,107,30.5,137.5,28.5,135.5,234,7.6,10,10.75,323,36,4422,9.61,751,1628,0.432,92,298,0.221,659,1330,0.481,206,269,0.748,203,715,918,136,90,101,229,1800
Andy Rautins,SG,1,0,1,24,38,76.25,77,79,100,30.5,130.5,23.5,123.5,192,6.2,8,9.75,5,0,24,-1.2,3,7,0.429,1,4,0.25,2,3,0.667,1,2,0.5,0,1,1,3,1,0,7,8
Archie Goodwin,SG,4,1,4,19,29,75.75,77.25,81.5,102,36,138,30,132,189,4.6,8.5,9,180,15,2610,14.93,403,922,0.461,50,206,0.301,353,716,0.5,294,415,0.765,93,266,359,230,73,43,220,1150
Armon Johnson,PG,2,0,3,21,34,74,75.25,80,99.5,38.5,138,31.5,131,195,5.6,8.25,9.25,56,0,525,13.85,86,187,0.593,7,18,0.271,79,169,0.6,25,34,0.648,13,49,62,67,15,1,50,204
Arnett Moultrie,PF,2,0,1,22,27,81.5,82.75,86.25,106.5,37.5,144,33.5,140,233,7.7,9.25,9.25,59,2,729,11.7,94,172,0.502,0,0,0,94,172,0.502,22,33,0.722,87,93,180,12,25,14,26,210
Austin Rivers,SG,5,1,4,20,10,75.5,77,79.25,96.5,37.5,134,32.5,129,203,6.2,8.5,10,423,76,9401,10.14,1292,3103,0.411,315,931,0.326,977,2172,0.447,550,840,0.651,138,695,833,900,263,65,457,3449
Avery Bradley,PG,7,1,1,20,19,74,75.25,79.25,98.5,37.5,136,31.5,130,180,4,8.25,9.5,413,340,11619,10.59,2025,4578,0.431,520,1421,0.317,1505,3157,0.463,438,567,0.736,275,989,1264,702,446,87,565,5008
Ben McLemore,SG,4,1,1,20,7,75.5,76.75,79.75,100.5,42,142.5,32.5,133,189,5,8.75,9.5,293,216,7476,9.13,993,2384,0.418,367,1043,0.356,626,1341,0.466,389,499,0.772,137,617,754,352,203,53,395,2742
Bernard James,C,3,0,1,27,33,80.75,82,87,108.5,32.5,141,30,138.5,230,5,9,9.25,92,13,761,13.07,76,153,0.479,0,3,0,76,150,0.49,51,75,0.675,85,127,212,13,17,61,34,203
Bradley Beal,SG,5,1,1,19,3,75.25,76.75,80,100,39,139,33,133,202,6,8.5,9,324,290,10774,15.5,2122,4808,0.437,663,1661,0.398,1459,3147,0.461,821,1032,0.79,248,904,1152,1003,334,97,610,5728
Brandon Davies,PF,2,0,3,22,0,80.5,82.25,85.5,108.5,31.5,140,26,134.5,242,8.6,9,11,105,12,1421,9.3,164,402,0.392,18,78,0.23,146,324,0.432,82,127,0.669,114,161,275,88,60,22,93,428
Brandon Knight,PG,6,1,4,20,8,73.5,75.25,78.75,98.5,37.5,136,29,127.5,177,4.2,8.25,9.5,445,381,13974,14.16,2467,5935,0.409,750,2073,0.356,1717,3862,0.438,1206,1468,0.823,250,1271,1521,1959,444,80,1208,6890
C.J. McCollum,SG,4,1,1,22,10,74.25,75.25,78.25,96.5,38.5,135,32,128.5,197,8.6,8,9.5,260,163,7025,14.93,1566,3415,0.445,467,1131,0.402,1099,2284,0.47,529,627,0.779,128,561,689,717,226,75,451,4128
C.J. Wilcox,SG,3,1,2,24,28,75.5,77,81.75,100.5,37.5,138,31,131.5,201,6.5,8.75,9,66,0,376,8.1,50,135,0.358,19,57,0.32,31,78,0.394,13,16,0.917,6,25,31,30,15,4,18,132
Cameron Bairstow,PF,2,0,1,24,49,80.75,81.75,84.75,107,33.5,140.5,31,138,252,8.7,8.75,9,36,3,167,4.45,16,54,0.27,1,5,0.1,15,49,0.279,11,13,0.838,10,26,36,7,4,4,7,44
Carrick Felix,SG,1,0,1,23,33,76.75,78.25,81.25,103.5,38.5,142,32,135.5,203,3.3,8.5,9.5,7,0,38,13.3,7,14,0.5,2,5,0.4,5,9,0.556,3,4,0.75,1,5,6,4,0,0,4,19
Chandler Parsons,SF,6,1,3,23,38,80.75,81.75,81.5,104.5,31.5,136,25.5,130,221,7,8.25,10,374,358,12005,14.1,1948,4177,0.45,603,1615,0.359,1345,2562,0.507,587,826,0.707,337,1468,1805,1086,371,135,587,5086
Charles Jenkins,PG,2,0,3,22,44,73.5,75.25,79.5,96.5,34,130.5,29.5,126,216,4.3,8.5,9,169,30,1775,8.85,228,533,0.411,5,24,0.288,223,509,0.415,58,83,0.618,24,108,132,258,63,10,102,519
Chris Singleton,SF,3,0,1,22,18,79.75,81,85,103.5,37.5,141,30.5,134,230,7.4,9.25,10,148,62,2605,8.3,233,620,0.376,58,182,0.303,175,438,0.393,88,139,0.658,112,360,472,92,117,57,100,612
Cleanthony Early,SF,2,0,1,23,34,78,79.25,82.75,101.5,40,141.5,34,135.5,209,4.5,8.5,9,56,9,801,5.3,88,254,0.328,26,99,0.265,62,155,0.368,39,52,0.75,26,97,123,42,26,15,49,241
Cody Zeller,C,4,1,2,21,4,82.75,84.25,82.75,106,37.5,143.5,35.5,141.5,230,4.8,8.5,10.5,279,166,6402,15,828,1657,0.497,2,13,0.275,826,1644,0.5,581,792,0.734,488,1087,1575,362,193,211,282,2239
Cole Aldrich,C,7,1,7,22,11,81,83.25,88.75,111.5,28,139.5,23,134.5,236,8.5,9,9.25,363,23,3728,14.44,474,890,0.539,0,0,0,474,890,0.539,190,258,0.694,361,875,1236,189,140,255,221,1138
Cory Jefferson,PF,2,0,2,24,60,79.75,81,84.5,105,37.5,142.5,33,138,218,5.3,8.75,9.75,58,1,581,12.95,84,189,0.429,2,16,0.067,82,173,0.455,35,60,0.621,53,108,161,16,10,22,20,205
Cory Joseph,PG,6,1,2,20,29,74,75.25,77.5,99,35,134,27.5,126.5,186,9.7,8.5,10.5,364,69,7083,12.7,962,2102,0.441,115,363,0.299,847,1739,0.471,440,573,0.766,183,638,821,904,232,71,353,2479
Craig Brackins,PF,2,0,1,23,21,80.5,81.75,84,109,35,144,26,135,229,7.9,9.5,11.25,17,1,121,2.2,13,49,0.262,3,14,0.167,10,35,0.307,1,2,0.25,7,12,19,9,1,1,4,30
Damian Lillard,PG,5,1,1,22,6,73.75,74.75,79.75,95.5,39.5,135,34.5,130,189,5.9,8.75,9.75,396,396,14399,20.4,2975,6914,0.43,1042,2817,0.37,1933,4097,0.471,1888,2154,0.873,217,1376,1593,2446,368,110,1097,8880
Damion James,SF,3,0,2,23,24,78.25,79.5,84.75,106,37,143,30,136,224,8.2,9.25,8.5,37,17,623,6.77,61,147,0.347,0,6,0,61,141,0.376,28,42,0.77,25,105,130,26,23,20,38,150
Daniel Orton,PF,3,0,3,21,29,80.75,81.5,88.25,110.5,30.5,141,24,134.5,269,13.8,8.5,9.75,51,6,542,12.4,50,103,0.492,0,1,0,50,102,0.498,43,72,0.579,48,78,126,24,18,28,29,143
Dante Exum,PG,2,1,1,19,5,76.5,78,81.5,103,34.5,137.5,31.5,134.5,196,6.4,8.5,9.5,148,67,3045,7.15,300,779,0.388,127,413,0.305,173,366,0.464,78,105,0.71,57,206,263,310,62,26,198,805
Darington Hobson,SG,1,0,1,24,37,77.25,78.5,81.25,104.5,34,138.5,29,133.5,204,6.2,8.25,9,5,0,39,-3.3,2,13,0.154,0,6,0,2,7,0.286,0,0,0,0,3,3,6,0,0,2,4
Darius Johnson-Odom,SG,2,0,2,23,55,73.5,75,79,96,41.5,137.5,33.5,129.5,212,7,8.75,8.75,7,0,21,-14.85,0,11,0,0,4,0,0,7,0,0,2,0,1,5,6,2,1,0,2,0
Darius Miller,SF,3,0,2,22,46,78,79.5,81,101,37,138,33,134,233,7.5,8.5,8.75,102,10,1460,3.4,118,281,0.33,47,134,0.239,71,147,0.376,37,44,0.602,17,114,131,89,42,21,46,320
Darius Morris,PG,4,0,6,21,41,75.25,77.25,79.5,102,32,134,24.5,126.5,190,5.3,8.75,10,159,17,1777,7.21,205,528,0.383,59,184,0.291,146,344,0.463,68,107,0.566,47,105,152,233,58,2,139,537
DeMarcus Cousins,C,7,1,3,20,5,81.5,82.75,89.75,113,27.5,140.5,23.5,136.5,292,16.4,9.25,10,559,537,18035,22.99,4346,9494,0.457,343,1007,0.24,4003,8487,0.472,3215,4337,0.741,1571,4496,6067,1800,786,668,1955,12250
Derrick Caracter,C,1,0,1,22,58,80.25,81.5,84.25,107.25,30.5,137.75,25,132.25,280,12.8,9,10.25,41,0,215,10,32,66,0.485,0,0,0,32,66,0.485,17,23,0.739,19,24,43,7,4,10,19,81
Derrick Favors,PF,7,1,3,19,3,80.75,82.25,88,110,35.5,145.5,31.5,141.5,245,6.5,8.75,9.25,557,316,13883,17.33,2419,4738,0.51,4,26,0.052,2415,4712,0.511,1170,1779,0.641,1340,2507,3847,549,417,693,800,6012
Derrick Williams,PF,6,1,6,20,2,79.25,80.75,85.5,108,34.5,142.5,29,137,248,10.8,9,9.75,554,138,11479,12.02,1642,3786,0.43,307,1032,0.28,1335,2754,0.495,1144,1615,0.711,441,1704,2145,377,261,135,503,4735
Devin Ebanks,SG,3,0,1,21,43,79,80.25,84.25,107.5,32,139.5,23.5,131,208,7.9,8.25,9,63,15,711,11.33,82,213,0.386,8,36,0.224,74,177,0.41,52,72,0.742,51,71,122,24,18,12,35,224
Devyn Marble,SG,2,0,1,22,56,77,78.5,81,102,35,137,29,131,192,6.9,8.25,8.5,44,7,457,5.55,35,115,0.307,12,54,0.216,23,61,0.394,15,40,0.365,11,58,69,29,22,3,16,97
DeWayne Dedmon,C,4,1,5,24,0,82,83.5,88,109,32.5,141.5,28,137,239,8.4,9,11,255,84,3660,10.44,427,764,0.45,0,1,0,427,763,0.451,198,297,0.634,390,882,1272,76,89,201,180,1052
Dominique Jones,SG,3,0,1,22,25,75.25,77,81.25,101,32.5,133.5,26,127,216,5.9,9,10.25,80,4,741,11.6,83,227,0.358,2,21,0.079,81,206,0.387,78,107,0.756,33,81,114,144,29,10,76,246
Doron Lamb,SG,2,0,3,21,42,75.25,76.75,78.75,98.5,33.5,132,29,127.5,199,6.7,8.5,8.75,147,0,1849,5.45,183,486,0.377,64,164,0.376,119,322,0.37,69,104,0.64,24,117,141,107,37,1,79,499
Doug McDermott,SF,3,1,3,23,11,78.25,79.75,81.25,103,36.5,139.5,28.5,131.5,218,7.1,8.75,9.75,249,14,5198,9.66,778,1745,0.44,277,714,0.37,501,1031,0.489,224,267,0.791,83,513,596,181,44,17,146,2057
Draymond Green,SF,5,1,1,22,35,77.75,79.5,85.25,105,33,138,28,133,236,11.3,9,9.5,397,249,10627,14.4,1283,2950,0.417,361,1082,0.315,922,1868,0.474,639,920,0.71,490,2194,2684,1627,540,415,718,3566
Drew Gordon,PF,1,0,1,24,0,80,80.75,83.5,103.5,34,137.5,29,132.5,239,9.1,8.5,9.75,9,0,71,3.7,8,19,0.421,0,3,0,8,16,0.5,1,2,0.5,7,11,18,2,1,0,8,17
Dwight Powell,PF,3,1,3,23,45,81.5,83,84.5,105,35,140,28.5,133.5,234,6.2,9,9.25,204,5,2797,19.22,402,807,0.541,29,112,0.191,373,695,0.571,262,349,0.706,213,466,679,111,115,75,96,1095
Ed Davis,PF,7,1,5,21,13,81,81.75,84,108,36,144,31,139,227,10,9.25,10,562,122,11667,16.58,1625,2910,0.552,0,1,0,1625,2909,0.552,651,1131,0.583,1248,2274,3522,462,293,535,440,3901
Ekpe Udoh,C,5,0,4,23,6,80.75,81.75,88.5,106.5,33.5,140,31,137.5,237,8,9.5,8.75,331,63,5854,11.31,536,1248,0.43,0,5,0,536,1243,0.432,340,467,0.728,461,653,1114,236,164,426,242,1412
Elfrid Payton,PG,3,1,1,20,10,74.5,75.75,80,98.5,35.5,134,31.5,130,185,5.7,8.75,9,237,190,7046,14.97,1049,2350,0.444,81,280,0.287,968,2070,0.465,376,615,0.611,273,724,997,1530,319,80,558,2555
Enes Kanter,C,6,1,3,19,3,81.75,83.25,85.5,109.5,32.5,142,26,135.5,259,5.9,9.5,10.75,520,188,11614,19.76,2522,4780,0.529,48,152,0.379,2474,4628,0.535,1102,1430,0.765,1462,2206,3668,324,204,226,827,6194
Erik Murphy,C,1,0,1,23,49,80.75,81.5,82.5,108,29.5,137.5,24.5,132.5,240,8,8.75,9.75,24,0,62,0.2,3,13,0.231,0,3,0,3,10,0.3,0,0,0,2,6,8,2,0,4,2,6
E'Twaun Moore,PG,6,1,4,22,55,74.5,76,81.5,99.5,34.5,134,32,131.5,191,7.6,9,10,380,68,7106,10.73,1007,2314,0.432,278,753,0.373,729,1561,0.459,197,263,0.76,145,522,667,648,229,95,310,2489
Evan Turner,SG,7,1,5,22,2,77.75,79,80,103.5,34.5,138,27.5,131,214,8.6,8.75,9.5,615,309,17505,12.07,2695,6265,0.429,267,884,0.311,2428,5381,0.448,1093,1388,0.775,375,2701,3076,2230,510,136,1217,6750
Fab Melo,C,1,0,1,22,22,82.75,84,86.5,110,31,141,29.5,139.5,255,9.2,9,10,6,0,36,4.9,3,6,0.5,0,0,0,3,6,0.5,1,4,0.25,0,3,3,0,2,2,1,7
Festus Ezeli,C,3,0,1,23,30,81.75,83.5,89.75,108,33.5,141.5,34,142,264,5.5,9,10.75,170,61,2394,14.4,275,536,0.511,0,0,0,275,536,0.511,162,291,0.563,292,433,725,63,48,166,133,712
Gani Lawal,PF,1,0,1,22,46,79.75,81,84,106,34.5,140.5,30,136,229,7.2,8.5,10,1,0,2,-9.1,0,0,0,0,0,0,0,0,0,0,0,0,0,0,0,0,0,0,0,0
Glen Rice,SF,2,0,1,23,35,76.5,77.75,81.25,101.5,40.5,142,33,134.5,211,8.5,8.5,9,16,1,152,1.5,14,52,0.249,6,24,0.219,8,28,0.275,9,13,0.691,6,18,24,9,6,1,11,43
Glenn Robinson,SF,3,1,4,21,40,77.5,78.75,82,100.5,41.5,142,36.5,137,211,5.1,9,9.5,184,33,2456,9.64,275,623,0.407,73,200,0.302,202,423,0.451,113,163,0.664,99,292,391,95,70,31,77,736
Gordon Hayward,SF,7,1,1,20,9,78.75,80,79.75,103,34.5,137.5,30.5,133.5,211,6.9,8.5,9.25,516,408,16164,17.13,2721,6129,0.448,689,1873,0.378,2032,4256,0.478,1946,2372,0.809,377,1771,2148,1762,527,215,1059,8077
Grant Jerrett,PF,1,0,3,21,40,80.75,82.25,86,109,34,143,28.5,137.5,232,10.1,8.5,9.25,16,0,102,1.37,14,52,0.296,2,30,0.048,12,22,0.539,2,2,0.667,4,14,18,6,4,4,6,32
Greg Monroe,C,7,1,2,20,7,81.75,83,86.25,108.5,29,137.5,25,133.5,247,11.2,8.75,9.5,538,401,15955,20.24,3029,5924,0.515,0,12,0,3029,5912,0.516,1514,2147,0.705,1593,3114,4707,1216,614,332,1060,7572
Greg Smith,PF,5,0,3,21,0,80,81.25,86.5,106.5,36,142.5,29.5,136,253,7.4,9.75,12,149,12,1834,12.04,243,394,0.615,0,1,0,243,393,0.615,110,191,0.39,165,324,489,41,32,59,65,596
Greivis Vasquez,SG,7,1,7,24,28,76.75,78,79.25,101,28,129,24.5,125.5,197,6.9,7.75,9.25,480,180,11299,11.82,1655,3955,0.392,521,1469,0.333,1134,2486,0.427,518,626,0.816,145,1049,1194,2258,267,39,881,4349
Harrison Barnes,SF,5,1,2,20,7,79,80,83.25,101.5,39.5,141,38,139.5,228,9.6,9,8.5,386,325,11425,12.56,1757,3876,0.451,365,986,0.369,1392,2890,0.48,726,936,0.764,407,1412,1819,564,285,78,415,4605
Hassan Whiteside,C,5,1,2,21,33,82.5,83.5,91,113,31.5,144.5,27,140,227,5.5,8.25,10.25,217,152,5891,14.56,1210,2069,0.447,0,0,0,1210,2069,0.447,522,855,0.439,692,1782,2474,93,130,568,354,2942
Henry Sims,C,4,0,5,22,0,82,83.75,88,108,29.5,137.5,26.5,134.5,241,7.7,9.25,10,181,86,3417,16.97,533,1130,0.489,4,24,0.03,529,1106,0.492,311,409,0.615,352,555,907,192,104,84,194,1381
Hollis Thompson,SF,4,1,3,22,0,78.75,80,81.5,102.5,36.5,139,28.5,131,206,6,8.25,9.75,305,99,7176,8.53,819,1995,0.39,395,1036,0.356,424,959,0.422,222,316,0.685,218,721,939,327,186,74,224,2255
Iman Shumpert,PG,6,1,3,21,17,76.25,77.5,81.5,99.5,42,141.5,36.5,136,222,6.5,9,9,432,224,11006,10.49,1207,3029,0.399,446,1311,0.341,761,1718,0.443,373,496,0.737,335,1165,1500,839,514,106,544,3233
Isaiah Canaan,PG,4,1,4,22,34,71,72,76.5,94.5,40.5,135,33,127.5,188,5.9,8.25,9.5,232,81,4686,10.95,646,1738,0.375,401,1126,0.345,245,612,0.418,299,362,0.815,69,352,421,392,144,23,256,1992
Isaiah Thomas,PG,6,1,4,22,60,68.75,70.25,73.75,91.5,40,131.5,31.5,123,186,6.7,8.25,9,508,310,14940,20.78,3061,6948,0.436,995,2707,0.367,2066,4241,0.482,2421,2768,0.868,279,1014,1293,2562,488,51,1174,9538
Jabari Brown,SG,1,0,1,22,0,75,76.25,80.25,100,32,132,28,128,202,6.1,9,9.25,19,5,568,11,70,170,0.412,23,62,0.371,47,108,0.435,64,85,0.753,3,33,36,40,12,2,32,227
Jae Crowder,SF,5,1,3,22,34,76.75,78.5,81.25,99.5,34.5,134,31,130.5,241,9,9.5,10.5,465,203,10544,13.36,1422,3286,0.429,514,1516,0.33,908,1770,0.512,683,872,0.782,343,1412,1755,632,464,146,350,4041
JaJuan Johnson,PF,1,0,1,22,27,81,82,86,107.5,38,145.5,33.5,141,220,7.5,9,10,36,0,298,11.4,54,121,0.446,0,0,0,54,121,0.446,6,9,0.667,20,38,58,6,5,14,14,114
James Anderson,SF,5,0,5,21,20,76.75,77.75,80.5,104,35.5,139.5,30,134,208,7.9,9,7,286,85,4721,10.76,577,1402,0.404,217,671,0.342,360,731,0.457,200,261,0.792,126,506,632,333,136,60,241,1571
James Ennis,SF,3,1,4,24,50,77.75,79,83.5,104.5,36.5,141,29.5,134,201,4.5,8.5,8.75,170,41,3210,13.12,355,794,0.358,134,348,0.313,221,446,0.401,215,272,0.625,162,357,519,154,103,46,136,1059
James Southerland,SF,1,0,3,23,0,79,80,85,106,32,138,29,135,221,8.1,8,9.5,8,0,60,-3.7,10,30,0.25,6,12,0.367,4,18,0.169,2,4,0.333,0,16,16,0,2,4,2,28
JaMychal Green,PF,3,1,3,24,0,80,81,86.25,106.5,32.5,139,29.5,136,217,9.8,9.25,9.25,203,92,3875,13.74,534,1089,0.537,70,202,0.142,464,887,0.625,253,324,0.631,344,663,1007,159,102,77,205,1391
Jared Sullinger,PF,5,1,2,20,21,79.75,81,85.25,105.5,31,136.5,29.5,135,268,10.7,9.25,9.75,269,172,6532,14.02,1172,2686,0.421,141,518,0.24,1031,2168,0.465,408,564,0.682,684,1322,2006,477,180,161,332,2893
Jarnell Stokes,PF,3,1,4,21,35,79,80.5,85.25,103.5,36,139.5,31,134.5,263,8.2,9.75,10.5,35,2,169,21.1,28,48,0.554,0,0,0,28,48,0.554,18,34,0.407,19,25,44,8,8,5,7,74
Jarvis Varnado,PF,2,0,5,24,41,80.25,82,87.5,109.5,32.5,142,29.5,139,210,9.5,9.25,9.5,74,0,794,4.58,78,134,0.41,0,0,0,78,134,0.41,58,112,0.34,42,102,144,32,22,62,32,214
Jeff Withey,C,4,1,2,23,39,82.75,84.5,86,110.5,29,139.5,26.5,137,222,8.7,9,9.75,197,15,2033,17.33,243,458,0.527,0,4,0,243,454,0.531,165,230,0.718,180,328,508,64,56,153,74,651
Jeremy Lamb,SF,5,1,2,20,12,76,77.25,83,102,38,140,31.5,133.5,179,4.5,8.75,9.25,276,13,4688,14.48,847,1928,0.422,232,715,0.318,615,1213,0.484,288,350,0.854,114,716,830,316,148,87,184,2214
Jeremy Tyler,C,3,0,4,20,39,81,82.5,89,110.5,33.5,144,28,138.5,262,13.4,9.25,9,125,23,1102,8.84,166,373,0.338,0,1,0,166,372,0.338,63,112,0.487,104,185,289,26,24,44,74,395
Jimmer Fredette,PG,5,0,5,22,10,72.75,74.5,76.5,96.5,33,129.5,28,124.5,196,7.7,8,8.5,290,7,3685,15.19,625,1485,0.47,234,592,0.422,391,893,0.377,214,244,0.783,60,228,288,388,106,14,268,1698
Jimmy Butler,SG,6,1,1,22,30,78,79.75,79.5,101.5,39,140.5,32,133.5,222,5.4,9,9,399,294,12880,18.15,2007,4483,0.44,338,1002,0.317,1669,3481,0.473,1856,2241,0.812,568,1353,1921,1254,583,183,562,6208
Joe Harris,SG,3,1,2,23,33,76.75,78.25,78,100,33.5,133.5,28.5,128.5,215,6.2,8.5,9.75,108,12,1646,6,203,486,0.358,117,309,0.335,86,177,0.32,44,64,0.438,23,168,191,82,37,10,83,567
John Jenkins,SG,5,1,4,21,23,75.25,76.25,80.5,98,36.5,134.5,30.5,128.5,212,7.1,9,9,188,11,2330,11.43,340,760,0.435,111,312,0.341,229,448,0.492,121,143,0.887,38,232,270,151,39,13,113,912
John Wall,PG,7,1,1,20,1,74.75,76,81.25,101.5,39,140.5,30,131.5,196,5.6,8.25,9.5,500,488,18031,19.53,3417,7888,0.432,426,1327,0.28,2991,6561,0.454,2159,2728,0.792,292,1925,2217,4610,870,322,1913,9419
Johnny O'Bryant,PF,3,1,4,21,36,79.25,80.5,86.25,105,35.5,140.5,31,136,257,10.8,9.25,9.5,122,19,1385,11.2,160,389,0.456,7,13,0.5,153,376,0.455,49,79,0.69,109,169,278,61,23,14,68,376
Jon Leuer,PF,6,1,6,22,40,82,83.5,84,105.5,36.5,142,29.5,135,223,5.4,8.75,9.75,356,79,5594,13.26,923,1926,0.483,124,370,0.215,799,1556,0.509,282,374,0.645,336,998,1334,290,130,95,237,2252
Jordan Adams,SG,2,0,1,20,22,75.5,76.75,82,102,29.5,131.5,24.5,126.5,209,10.8,8.5,7.5,32,0,263,15.05,37,92,0.37,10,26,0.2,27,66,0.405,17,28,0.605,9,21,30,19,19,7,16,101
Jordan Clarkson,PG,3,1,1,22,46,75.25,77,80,98,38.5,136.5,33,131,186,4.3,8.25,9,220,136,6425,14.77,1219,2765,0.442,266,797,0.33,953,1968,0.484,429,530,0.81,198,552,750,611,227,27,395,3133
Jordan Crawford,SG,5,1,6,22,27,75,76.5,79,101,34.5,135.5,31.5,132.5,198,4.9,8,9,469,166,11385,13.32,2094,5116,0.409,528,1686,0.314,1566,3430,0.456,877,1053,0.816,254,942,1196,1493,320,37,882,5593
Jordan Hamilton,SF,5,0,5,21,26,78.75,80.5,81.5,104,32,136,25,129,228,9.8,9,9.25,211,33,3119,12.73,489,1215,0.407,207,582,0.366,282,633,0.432,109,154,0.563,121,502,623,179,117,54,148,1294
Jordan McRae,PG,2,1,3,24,58,75.75,77.25,84.5,104,34.5,138.5,27.5,131.5,179,5.2,8.75,8.5,81,6,774,13.08,126,306,0.422,38,95,0.429,88,211,0.439,69,90,0.759,14,66,80,69,14,8,44,359
Jordan Williams,C,1,0,1,21,36,79.75,81,84.25,106.5,30.5,137,25,131.5,247,12.1,9.25,10,43,5,635,14.5,77,152,0.507,0,0,0,77,152,0.507,43,66,0.652,66,90,156,11,21,15,23,197
Josh Selby,PG,2,0,1,20,49,73.75,75,77.25,98,42,140,29.5,127.5,195,7.9,8.5,9,38,0,296,1.7,31,94,0.31,3,21,0.15,28,73,0.359,18,25,0.711,2,18,20,34,9,0,36,83
Julius Randle,PF,3,1,1,20,7,79.75,81,84,105.5,35.5,141,29,134.5,250,9.4,8.75,8.25,156,133,4432,7.57,736,1611,0.417,27,99,0.183,709,1512,0.425,397,554,0.479,323,1142,1465,408,102,66,323,1896
Justin Harper,PF,3,1,3,22,32,80,80.75,83.75,106,33,139,28.5,134.5,228,4,9,9.25,22,0,150,4.5,18,53,0.369,8,29,0.295,10,24,0.33,1,3,0.167,5,13,18,4,3,3,12,45
K.J. McDaniels,SG,3,1,4,21,32,76.5,78,83.25,102,37,139,33,135,196,4.5,8.75,9.75,259,31,3949,10.11,527,1278,0.414,133,457,0.254,394,821,0.493,288,372,0.767,176,430,606,180,133,182,285,1475
Kawhi Leonard,SF,6,1,1,20,15,78,79,87,106,32,138,25.5,131.5,227,5.4,9.75,11.25,398,371,12154,21.32,2377,4798,0.497,518,1334,0.384,1859,3464,0.541,1236,1459,0.826,503,1966,2469,903,704,280,542,6508
Keith Benson,C,1,0,1,23,48,82,83,87.75,109.5,36,145.5,31.5,141,217,6.1,9.5,11,3,0,9,6,0,1,0,0,0,0,0,1,0,0,0,0,2,1,3,0,0,0,0,0
Kelly Olynyk,C,4,1,1,22,13,82.75,84,81.75,108,29.5,137.5,24.5,132.5,234,6.7,8.5,10,278,36,5756,15.65,998,2094,0.477,254,691,0.365,744,1403,0.533,378,509,0.744,376,933,1309,471,194,128,374,2628
Kemba Walker,PG,6,1,2,21,9,71.5,73,75.5,91.5,39.5,131,32,123.5,184,5.9,8,9,443,398,15008,18.37,2845,6915,0.406,792,2257,0.339,2053,4658,0.437,1655,2001,0.824,265,1443,1708,2381,606,175,927,8137
Kendall Marshall,PG,4,0,4,21,13,75.25,76.25,77.5,96,37,133,31,127,198,7.8,8.5,9,160,57,3083,9.88,315,789,0.399,128,346,0.358,187,443,0.434,44,72,0.67,23,230,253,779,107,10,285,802
Kenneth Faried,PF,6,1,1,22,22,78,79.5,84,108,35,143,30.5,138.5,225,6.3,8.5,10.25,409,365,10539,19.98,1958,3596,0.549,2,19,0.104,1956,3577,0.552,940,1440,0.654,1299,2181,3480,432,322,356,569,4858
Kentavious Caldwell-Pope,SG,4,1,1,20,8,76.5,77.5,80,100.5,34.5,135,29,129.5,204,6.5,8.5,9,314,274,9488,11.45,1345,3320,0.404,479,1435,0.331,866,1885,0.457,496,632,0.777,209,732,941,495,367,59,313,3665
Kevin Jones,PF,1,0,1,23,0,78.25,79.5,85.5,105,32.5,137.5,27.5,132.5,251,11.2,9,7.75,32,0,334,11.1,43,107,0.402,0,0,0,43,107,0.402,9,15,0.6,38,40,78,10,9,5,8,95
Kevin Murphy,SG,1,0,1,22,47,77,78.25,78.75,99,36.5,135.5,31,130,194,5.8,8.5,8.5,17,0,52,-4.5,7,28,0.25,1,5,0.2,6,23,0.261,0,0,0,0,4,4,2,1,0,3,15
Khris Middleton,SG,5,1,2,21,39,78.75,80.25,82.75,103,31,134,28,131,216,7.8,9,9,296,224,9054,14.26,1501,3339,0.448,431,1068,0.392,1070,2271,0.475,637,729,0.866,167,965,1132,809,392,61,492,4070
Kim English,SG,1,0,1,24,44,76.5,77.75,78.5,98,36.5,134.5,29,127,192,4.3,8.5,8.75,41,0,407,7.9,42,112,0.375,14,50,0.28,28,62,0.452,21,29,0.724,8,29,37,26,16,3,19,119
Klay Thompson,SG,6,1,1,21,11,77.75,79.25,81,103.5,31.5,135,26.5,130,206,8,8.75,9.25,464,427,15182,16.45,3282,7243,0.452,1328,3171,0.418,1954,4072,0.478,962,1128,0.852,205,1349,1554,1045,422,251,810,8854
Kyle O'Quinn,C,5,1,2,22,49,80.5,82,88.75,106.5,31.5,138,31.5,138,241,8,9.5,10,321,50,4643,17.02,750,1494,0.501,19,86,0.125,731,1408,0.519,241,328,0.733,444,1017,1461,378,137,306,307,1760
Kyle Singler,SF,5,1,3,24,33,79.5,80.5,82.1,106,30,136,23,129,228,10,8.25,8.75,424,230,9478,8.29,1008,2440,0.399,393,1062,0.343,615,1378,0.435,374,473,0.76,349,861,1210,355,249,131,330,2783
Lamar Patterson,SG,2,1,1,24,48,76,77.25,83,101,32.5,133.5,27.5,128.5,226,10.8,9,9.25,40,0,435,1.6,31,95,0.275,13,55,0.206,18,40,0.369,18,25,0.697,5,52,57,45,10,2,27,93
Lance Stephenson,SG,7,1,7,20,40,76.5,77.75,82.5,103,33,136,27,130,227,9.3,9,10.25,445,202,10626,10.42,1533,3370,0.441,242,768,0.263,1291,2602,0.48,493,701,0.663,282,1478,1760,1273,294,60,739,3801
Larry Sanders,C,6,1,2,22,15,81.25,82.5,89.75,112,28,140,25.5,137.5,222,4.6,9.75,11,238,113,4635,13.12,669,1395,0.436,0,5,0,669,1390,0.437,182,329,0.604,475,870,1345,174,152,429,224,1520
Lazar Hayward,SF,3,0,2,24,30,76.5,77.75,84.75,102,36,138,31,133,226,7.5,9.25,9.5,72,0,591,8.37,70,202,0.3,21,78,0.19,49,124,0.371,46,60,0.79,25,65,90,35,17,8,28,207
Lorenzo Brown,PG,3,0,3,23,52,76,77.25,79,100,34,134,28,128,189,4,8.25,8.5,63,7,834,7.87,86,233,0.349,10,66,0.146,76,167,0.437,24,36,0.691,22,83,105,142,44,10,55,206
Luke Babbitt,SF,7,1,3,21,16,79.5,80.75,83.25,104.5,37.5,142,29.5,134,218,5.6,8.5,10,331,93,4617,9.27,559,1378,0.392,334,823,0.382,225,555,0.394,107,144,0.704,105,646,751,193,82,51,146,1559
Luke Harangody,PF,2,0,3,23,52,78.25,80,81.75,106,31,137,27,133,240,11.2,8.75,9.75,119,1,1511,10.05,181,477,0.377,37,153,0.233,144,324,0.438,47,64,0.721,100,239,339,66,36,37,36,446
Malcolm Lee,SG,3,0,2,21,43,76,77.5,81.75,101.5,35.5,137,30,131.5,198,5.9,8.5,9.5,36,12,534,-0.2,52,136,0.257,10,34,0.178,42,102,0.278,26,37,0.475,24,41,65,51,20,10,27,140
Malcolm Thomas,PF,4,0,6,23,0,79.5,80.75,84.5,107.5,36.5,144,32,139.5,223,5.9,9.5,10.5,60,0,449,8.73,42,95,0.337,2,15,0.063,40,80,0.372,20,35,0.383,37,96,133,20,8,12,37,106
Marcus Smart,PG,3,1,1,20,6,74,75.25,81.25,99,36,135,33,132,227,10.6,9,8.75,207,72,5874,11.43,628,1755,0.358,246,845,0.29,382,910,0.419,414,543,0.745,215,568,783,757,315,70,329,1916
Markel Brown,SG,1,1,1,19,44,74.5,75.5,80.75,100,43.5,143.5,36.5,136.5,184,4.2,8.25,9.75,82,75,1743,12.3,284,632,0.449,72,224,0.321,212,408,0.52,113,181,0.624,96,252,348,60,67,70,108,753
Marquis Teague,PG,3,0,6,23,29,73,74,79.25,96.5,40.5,137,32.5,129,180,6.3,8.25,7.75,199,49,3192,15.57,543,1225,0.433,88,255,0.364,455,970,0.445,246,330,0.742,122,290,412,257,114,39,235,1420
Marshon Brooks,SG,4,1,4,23,25,76.25,77.25,85,101,38.5,139.5,34,135,195,5.2,9,10.5,396,277,9398,17.92,1414,2554,0.561,0,22,0,1414,2532,0.565,842,1447,0.588,815,1845,2660,928,320,387,607,3670
Mason Plumlee,C,5,1,1,20,22,83.25,84.5,83,108,36,144,30.5,138.5,238,6.2,9.75,9.5,299,38,4963,11.3,658,1426,0.468,210,566,0.315,448,860,0.516,188,228,0.829,230,936,1166,246,49,103,215,1714
Meyers Leonard,C,4,1,4,22,11,83.75,85.25,87,108,32.5,140.5,30,138,250,5.7,9.25,11,301,252,9207,13.75,1518,3753,0.405,157,633,0.234,1361,3120,0.435,826,1188,0.705,301,1270,1571,1719,470,167,972,4019
Michael Carter-Williams,PG,1,1,1,24,11,76.75,77.75,79.25,101,41,142,31.5,132.5,184,4.4,7.5,8.5,9,0,32,-2.1,1,10,0.1,0,4,0,1,6,0.167,2,2,1,2,1,3,2,0,0,0,4
Michael Kidd-Gilchrist,SF,4,1,1,22,2,77.75,79.5,84,104.5,35.5,140,32,136.5,233,7,9,10.25,190,11,2519,14.2,360,713,0.495,67,174,0.284,293,539,0.532,116,142,0.86,183,345,528,161,62,97,115,903
Mike Muscala,PF,5,1,1,24,44,82.25,83.5,85,108,33.5,141.5,28,136,230,6.8,8.5,9,281,7,4322,13.32,765,1663,0.431,194,578,0.239,571,1085,0.497,264,336,0.802,209,627,836,257,88,32,189,1988
Mike Scott,PF,5,1,5,24,43,79.25,80.75,82.75,104,32.5,136.5,27,131,241,10.6,8.5,9,391,173,6245,11.97,791,1499,0.493,0,0,0,791,1499,0.493,205,365,0.584,604,1106,1710,171,189,301,316,1787
Miles Plumlee,C,1,0,1,22,26,82.5,83.75,84.75,105.5,40.5,146,34,139.5,252,11.4,9.25,9,28,0,262,4.8,26,75,0.347,5,21,0.238,21,54,0.389,17,25,0.68,13,26,39,11,7,3,19,74
Nick Johnson,SG,3,1,2,21,42,73.5,75,79.25,96.5,41.5,138,33.5,130,198,6.1,8.75,9.75,226,63,5124,8.57,569,1475,0.382,286,833,0.339,283,642,0.438,268,332,0.814,55,442,497,393,109,69,262,1692
Nik Stauskas,SG,6,1,2,21,8,77.25,78.5,79.75,102,35.5,137.5,29,131,207,12.1,8.5,8.5,399,338,11912,18.77,2592,5159,0.496,30,101,0.206,2562,5058,0.499,593,825,0.692,1134,2820,3954,812,325,358,674,5807
Nikola Vucevic,C,3,1,2,19,16,82.25,83.75,88.5,112.5,25,137.5,23.5,136,260,6.1,9.25,10.25,177,97,2698,10.87,277,624,0.432,23,79,0.325,254,545,0.449,116,171,0.692,250,528,778,65,61,62,125,693
Noah Vonleh,PF,2,0,1,23,9,80,81.5,88.25,108,37,145,31,139,247,7.3,9.75,11.75,84,4,829,7.45,109,294,0.37,19,73,0.252,90,221,0.41,40,56,0.714,24,59,83,97,25,4,71,277
Nolan Smith,PG,2,1,1,22,21,73.5,75.5,77.5,99,34,133,28.5,127.5,188,5.6,8.5,9.25,125,42,2093,13.65,324,735,0.437,92,262,0.364,232,473,0.475,169,212,0.802,42,237,279,129,80,24,102,909
Norris Cole,PG,3,0,5,23,28,72.25,73.75,74.25,95.5,38.5,134,29.5,125,174,4.7,8.5,9.5,155,2,1605,4.87,162,474,0.29,58,208,0.219,104,266,0.334,73,100,0.687,46,204,250,91,29,19,67,455
Orlando Johnson,SG,4,1,1,20,36,75.75,77.25,83.25,99,39.5,138.5,32,131,224,7,9,9.5,266,166,6632,12.35,962,2002,0.451,285,733,0.332,677,1269,0.504,260,336,0.747,306,878,1184,316,273,104,179,2469
Otto Porter,SF,2,0,3,22,3,79.5,80.5,85.5,105.5,36,141.5,27,132.5,198,6.7,8.75,9.25,177,106,3313,7.25,377,1085,0.346,189,645,0.284,188,440,0.429,131,164,0.795,72,368,440,97,85,35,104,1074
P.J. Hairston,SG,1,1,1,22,26,76.25,77.25,81,101,37,138,32,133,229,8.2,8.75,9.75,55,38,859,11.5,103,205,0.502,1,7,0.143,102,198,0.515,22,32,0.688,64,121,185,17,26,45,33,229
Patrick Patterson,PF,3,0,1,21,14,80,81.25,85.25,107,33.5,140.5,28.5,135.5,240,5.3,9.25,10.25,143,21,1675,8.27,195,464,0.417,36,123,0.198,159,341,0.462,62,94,0.661,46,206,252,54,36,33,60,488
Perry Jones,SF,1,0,1,23,28,82.25,83.25,85.75,107,38.5,145.5,33,140,234,4.6,9.25,9.5,24,0,224,5.7,18,57,0.316,7,25,0.28,11,32,0.344,11,15,0.733,2,12,14,34,9,1,18,54
Peyton Siva,SG,3,0,4,22,56,71.5,73,75,93,41.5,134.5,33.5,126.5,181,6.1,8,9.75,171,11,2298,10.32,202,583,0.367,52,207,0.208,150,376,0.424,88,144,0.582,39,208,247,508,134,19,194,544
Phil Pressey,PG,5,1,6,22,0,69.5,71.5,74.25,92,38.5,130.5,33,125,177,4.7,7.75,9.75,358,53,5315,11.43,585,1242,0.453,120,321,0.338,465,921,0.48,317,429,0.718,358,870,1228,198,143,143,206,1607
Quincy Acy,PF,3,0,4,20,37,78.5,79.75,86.75,106.5,37,143.5,32,138.5,224,7.1,9.5,11,79,16,1053,7.32,116,344,0.282,36,131,0.162,80,213,0.333,56,79,0.533,45,144,189,45,37,42,59,324
Quincy Miller,PF,1,1,3,23,38,80.75,82,85.25,105,36,141,30.5,135.5,219,7.8,9.25,10.25,28,0,376,11.33,66,132,0.492,22,52,0.427,44,80,0.549,4,10,0.356,2,12,14,52,8,0,26,158
Ray McCallum,PG,4,1,4,22,36,72.25,73.75,75.25,96.5,40,136.5,30.5,127,191,7.3,8,8.75,183,9,1967,7.05,188,487,0.341,102,291,0.302,86,196,0.4,38,49,0.732,40,246,286,84,57,14,47,516
Reggie Bullock,SF,2,1,1,22,25,77.75,79,80.75,102,36.5,138.5,31,133,200,7,8.5,9,108,18,1895,17.25,344,634,0.536,35,121,0.267,309,513,0.601,123,177,0.694,156,290,446,91,61,95,87,846
Ricky Ledo,SG,2,0,1,24,43,76.75,78,79.25,102.5,33.5,136,27,129.5,197,10.3,8.5,9.25,98,9,1397,9.65,146,349,0.419,48,140,0.337,98,209,0.46,39,45,0.883,66,200,266,50,32,11,28,379
Robbie Hummel,SF,4,1,2,23,58,79.25,80.5,80.5,102,30,132,27.5,129.5,218,9.4,8.5,9.5,211,165,6012,14.03,871,2214,0.402,478,1351,0.356,393,863,0.507,461,568,0.608,224,952,1176,304,331,140,403,2681
Robert Covington,SF,3,1,1,22,0,78.25,79.5,85.75,106,36,142,29.5,135.5,209,4.7,9,8.5,188,155,5198,12.93,835,2012,0.414,337,926,0.365,498,1086,0.456,323,395,0.802,63,523,586,392,141,39,235,2330
Rodney Hood,SG,1,1,1,23,23,79.25,80.5,80.5,103,36,139,29,132,208,7.5,8.5,8.5,52,13,857,7.5,82,217,0.378,23,86,0.267,59,131,0.45,28,43,0.651,12,86,98,107,34,8,56,215
Rudy Gobert,C,2,0,3,23,27,84.5,86,92.5,115,29,144,25,140,238,4.4,9.75,10,39,0,196,5.45,23,72,0.31,5,27,0.187,18,45,0.383,32,39,0.615,3,18,21,27,11,1,31,83
Russ Smith,PG,2,1,1,21,47,71.5,72.75,75.5,95,34,129,29.5,124.5,160,3.5,8.25,8.5,80,2,1425,11.9,203,429,0.237,60,187,0.161,143,242,0.296,38,68,0.28,94,191,285,76,39,21,41,504
Scott Machado,PG,1,0,1,24,0,73,74,76,94.5,32.5,127,27,121.5,206,5.8,8.5,9.5,2,0,7,-6.5,0,4,0,0,2,0,0,2,0,1,2,0.5,0,0,0,1,1,0,0,1
Scotty Hopson,SG,1,1,1,24,0,77.75,78.5,82.5,103.5,36,139.5,32.5,136,205,4.8,8.5,10,64,1,973,5.7,77,223,0.345,12,63,0.19,65,160,0.406,17,31,0.548,19,69,88,130,28,6,43,183
Semaj Christon,PG,4,1,1,21,55,73.5,75.25,78.5,99,36.5,135.5,30.5,129.5,186,5.3,8.5,8.25,235,14,4354,15.78,856,1800,0.474,116,360,0.323,740,1440,0.507,462,617,0.726,271,423,694,137,72,21,177,2290
Shabazz Muhammad,SG,3,1,3,23,14,76.75,78.25,83,104.5,37,141.5,29.5,134,222,9,9,10,159,12,2124,10.83,228,612,0.373,111,314,0.354,117,298,0.393,115,150,0.765,34,195,229,294,95,7,168,682
Shabazz Napier,PG,3,0,3,21,24,71,73,75.25,93,37.5,130.5,30.5,123.5,175,7.4,8.25,8.5,202,39,4105,10.83,461,1071,0.418,86,262,0.326,375,809,0.45,160,210,0.733,68,330,398,639,214,22,268,1168
Shane Larkin,PG,1,1,1,24,18,70.25,71.5,70.75,89.5,44,133.5,34.5,124,171,3.8,7.5,8.75,30,3,287,10.1,30,75,0.4,7,30,0.233,23,45,0.511,23,27,0.852,4,30,34,15,8,2,5,90
Shelvin Mack,PG,1,0,1,23,34,73,74.5,79.5,96.5,39,135.5,32,128.5,209,7.1,8.25,9.25,20,0,66,3.6,7,25,0.28,2,10,0.2,5,15,0.333,1,1,1,0,5,5,8,2,0,4,17
Sherron Collins,PG,2,0,1,22,0,70.25,71.75,74.5,94,33,127,27.5,121.5,217,9.2,8.5,9.5,26,0,181,8.1,16,51,0.281,0,0,0,16,51,0.281,7,10,0.438,22,39,61,5,4,11,8,39
Solomon Alabi,C,4,1,2,22,50,83.5,84.75,89,113,26,139,22.5,135.5,237,5,9.25,9.25,249,152,5847,9.5,544,1359,0.413,193,575,0.326,351,784,0.491,304,370,0.836,169,659,828,394,179,63,243,1585
Solomon Hill,SF,1,1,1,20,23,77.5,79,81,103,37.5,140.5,29.5,132.5,226,7.6,9,10.5,19,0,108,7.3,10,31,0.323,0,0,0,10,31,0.323,3,5,0.6,11,24,35,4,2,5,3,23
Steven Adams,C,2,1,1,23,12,82.75,84,88.5,109.5,33,142.5,28.5,138,255,6.7,9.5,11,162,68,3739,14.1,454,976,0.466,42,144,0.274,412,832,0.496,99,131,0.723,82,419,501,901,229,20,299,1049
T.J. Warren,SF,5,1,4,21,14,79,80.25,82.25,104,35.5,139.5,27,131,220,8,8.75,9,286,130,6827,14.54,1215,2454,0.417,112,386,0.249,1103,2068,0.451,471,762,0.55,460,1176,1636,295,186,324,266,3013
Terrence Jones,PF,5,1,3,21,18,80.25,81.5,86.25,107,34.5,141.5,29.5,136.5,252,7.7,9,10,465,180,11147,12.27,1735,4079,0.426,786,2115,0.366,949,1964,0.488,333,412,0.804,167,1054,1221,450,390,157,387,4589
Terrence Ross,SG,2,1,1,21,8,78,79,79.25,100.5,37.5,138,31,131.5,197,3.2,8.75,10.25,113,0,1574,7.9,180,517,0.321,63,206,0.27,117,311,0.348,59,76,0.787,64,226,290,168,51,12,66,482
Thanasis Antetokounmpo,SF,5,1,7,21,51,77.25,78.25,84,104.5,39.5,144,31.5,136,205,6.1,9,9.75,437,16,6058,13.89,904,1942,0.471,0,9,0,904,1933,0.473,361,706,0.506,759,1366,2125,269,234,157,466,2169
Thomas Robinson,PF,1,1,1,19,5,79.75,80.75,87.25,106,35.5,141.5,28.5,134.5,244,5,9.75,10.5,57,34,562,14,83,181,0.459,28,74,0.378,55,107,0.514,32,49,0.653,40,74,114,23,10,26,17,226
Tobias Harris,SF,1,0,2,21,19,78.5,79.75,83,103.5,37.5,141,31.5,135,223,8.4,8.75,9,24,0,89,24.5,8,17,0.509,1,2,0.5,7,15,0.557,11,19,0.29,16,11,27,3,7,3,4,28
Tony Mitchell,SF,4,1,2,22,0,77.25,78.25,82,100,40,140,31.5,131.5,216,5.7,8.5,10,293,147,6280,8.58,660,1587,0.41,330,885,0.365,330,702,0.47,152,187,0.819,91,656,747,289,131,57,199,1802
Tony Mitchell,SF,4,0,2,19,37,79.5,80.75,86.5,106.5,38,144.5,33.5,140,236,5.6,9,10,145,34,3076,9.73,575,1393,0.388,84,363,0.225,491,1030,0.444,370,572,0.643,106,257,363,437,137,28,375,1604
Tony Snell,SG,1,0,1,21,20,78,79.25,83.5,105.5,36.5,142,30,135.5,198,4.9,9,9.5,10,0,45,14.6,5,14,0.357,0,0,0,5,14,0.357,4,9,0.444,6,3,9,5,2,2,2,14
Tony Wroten,SG,1,1,1,23,25,76.75,78,81,101,35.5,136.5,30,131,203,5.2,8,9,27,1,189,10.6,19,40,0.475,9,15,0.6,10,25,0.4,10,15,0.667,5,17,22,6,6,1,3,57
Travis Leslie,SG,7,1,3,23,47,75,76.25,82.5,103,40.5,143.5,33,136,205,8.1,8.75,9.25,464,155,9714,15,1371,2660,0.516,67,213,0.208,1304,2447,0.531,442,706,0.625,911,1702,2613,484,328,256,481,3251
Trevor Booker,PF,1,0,1,21,23,78.25,79.5,81.75,106,36,142,31,137,236,7.3,9,9.5,24,0,119,12,24,61,0.393,4,13,0.308,20,48,0.417,5,7,0.714,4,20,24,3,3,3,6,57
Trey Burke,PG,6,1,1,20,9,71.75,73.25,77.5,97.5,36.5,134,29.5,127,187,6.9,8.25,8.75,466,316,13381,15.18,1723,3347,0.523,0,9,0,1723,3338,0.525,932,1525,0.601,1591,2436,4027,385,240,364,520,4378
Trey Thompkins,C,1,1,3,22,37,80.5,81.75,85,107.5,30.5,138,27.5,135,239,15.5,9.25,9.75,60,32,1114,9.77,146,334,0.451,36,124,0.305,110,210,0.544,42,64,0.704,30,108,138,50,54,20,66,370
Tristan Thompson,PF,3,1,5,20,4,79.5,80.75,85.25,108.5,35,143.5,30,138.5,227,6.2,8.75,9.25,218,13,2652,9.46,368,891,0.409,91,265,0.338,277,626,0.438,77,98,0.774,47,190,237,413,113,15,220,904
Tyler Ennis,PG,1,1,1,21,18,73,74.5,79.25,98,36,134,29,127,182,6.2,8.25,8.75,61,15,1123,13,184,437,0.421,21,79,0.266,163,358,0.455,55,71,0.775,20,75,95,226,48,5,77,444
Tyler Honeycutt,SF,5,1,2,23,35,78.75,80.25,81,105,37,142,30,135,187,5.3,8.5,9.5,340,131,6048,14.74,957,1916,0.499,0,6,0,957,1910,0.501,470,611,0.737,513,974,1487,316,88,203,297,2384
Tyler Zeller,C,2,1,1,19,17,83.25,84.5,84,104.5,34,138.5,30,134.5,247,6.4,9,9.75,97,0,1347,12.5,131,337,0.387,42,126,0.329,89,211,0.421,61,82,0.743,17,97,114,264,78,8,71,365
Tyshawn Taylor,PG,2,0,2,21,41,74.75,76,78.25,97.5,36.5,134,32,129.5,177,4.2,8.75,8.75,5,1,89,2.25,11,34,0.4,2,11,0.1,9,23,0.509,3,10,0.3,2,10,12,9,3,0,8,27
Vander Blue,SG,1,1,1,20,0,75.5,77.25,78,100.5,37.5,138,28,128.5,197,4.6,8.5,9.5,33,1,405,6.4,36,115,0.313,3,22,0.136,33,93,0.355,31,37,0.838,11,35,46,61,18,7,40,106
Victor Oladipo,PG,7,1,4,23,2,75.25,76.25,81.25,100.5,42,142.5,33,133.5,213,6.6,8.75,9.25,497,281,11452,10,1434,3532,0.401,529,1570,0.327,905,1962,0.473,307,413,0.724,296,1340,1636,561,378,328,452,3704
Wesley Johnson,SG,1,0,1,21,4,78.25,79.25,85,106,37,143,32,138,206,4.6,9,9.5,19,0,134,10.8,13,35,0.371,5,15,0.333,8,20,0.4,6,8,0.75,1,11,12,27,6,0,8,37
Will Barton,SG,5,0,3,19,40,77,78,81.75,102.5,34,136.5,30,132.5,174,4.1,9,9.5,185,23,2905,8.2,368,907,0.372,41,126,0.248,327,781,0.383,273,430,0.623,81,270,351,120,100,23,139,1050
Willie Warren,PG,3,1,1,19,54,74.5,75.75,78,99.5,31.5,131,23,122.5,208,7.6,8.5,9.5,206,120,5945,13.4,1045,2346,0.444,300,793,0.372,745,1553,0.482,427,520,0.824,72,529,601,666,164,37,433,2817
